<?xml version="1.0" encoding="UTF-8"?>
<beans:beans xmlns="http://www.springframework.org/schema/security"
	xmlns:beans="http://www.springframework.org/schema/beans" xmlns:xsi="http://www.w3.org/2001/XMLSchema-instance"
	xsi:schemaLocation="http://www.springframework.org/schema/beans
http://www.springframework.org/schema/beans/spring-beans-3.0.xsd
http://www.springframework.org/schema/security
http://www.springframework.org/schema/security/spring-security-3.1.xsd">


	<http auto-config="true">
		<intercept-url pattern="/**" access="ROLE_USER" />
	</http>
	
	
	<beans:bean id="dataSource"
		class="org.springframework.jdbc.datasource.DriverManagerDataSource">		
		<beans:property name="driverClassName" value="com.mysql.jdbc.Driver" />
		<beans:property name="url" value="jdbc:mysql://localhost:3306/mnk" />
		<beans:property name="username" value="root" />
		<beans:property name="password" value="pass" />
	</beans:bean>
	

	<authentication-manager>
		<authentication-provider>
			<jdbc-user-service data-source-ref="dataSource"

				users-by-username-query="
         SELECT USERNAME, PASSWORD, CASE ENABLED WHEN 1 THEN 'true' ELSE 'false' END 'ENABLED' 
         FROM TBL_USERS 
         WHERE USERNAME=?;"

				authorities-by-username-query="
        SELECT u.USERNAME, r.ROLENAME 
        FROM TBL_USERS u, TBL_USER_ROLE r
        WHERE u.ID = r.USERID
        AND u.USERNAME=?;" />
		</authentication-provider>
	</authentication-manager>

</beans:beans>